Job title,Company,Salary,Location,Accepting,Deadline
Ground Engineering Graduate,AECOM,Competitive salary,Glasgow,2:1 and above,Deadline: Ongoing
Graduate Fire Engineers (Buildings),AECOM,Competitive salary,Multiple UK Locations,2:2 and above,Deadline: Ongoing
Graduate Design Engineers,Electroimpact,Competitive salary,Chester,All grades,Deadline: Ongoing
"Graduate Risk, Regulation and Compliance Consultant",FDM Group,Competitive salary,London,2:2 and above,Deadline: Ongoing
Graduate Scheme Embedded Software Engineer,Renishaw,Competitive salary,"Wotton-under-Edge, Gloucestershire",All grades,Deadline: Ongoing
Graduate Civil/Water Engineer 2022,Stantec,Competitive salary,"Redditch, Worcestershire",2:2 and above,Deadline: Ongoing
Graduate Civil/Water Engineer 2022,Stantec,Competitive salary,Leeds,2:2 and above,Deadline: Ongoing
Graduate Applied Scientist - Physics,PA Consulting Group,Competitive salary,"Melbourn, Cambridgeshire.",All grades,Deadline: Ongoing
Applied Intelligence Graduate Manufacturing Electronic Engineer,BAE Systems,Competitive salary,"Guildford, Surrey",All grades,Deadline: Ongoing
KPMG 2022 Consulting Graduate Programmes,KPMG,Competitive salary,Multiple UK Locations,2:1 and above,Deadline: Ongoing
Technical Consultant,BT,"€32,000","Dublin, Ireland",2:1 and above,Deadline: Ongoing
2022 UK Graduate Contaminated Land Consultant,Mott MacDonald,Competitive salary,Multiple UK Locations,All grades,Deadline: Ongoing
Finance Graduate Analyst,Barclays,Competitive salary,"Glasgow, Knutsford, Cheshire, London, Manchester and Northampton",All grades,Deadline: Ongoing
Graduate Engineer - Project Delivery - Advance,MWH Treatment,Competitive salary,North West England,All grades,Deadline: Ongoing
Graduate Tunnelling Engineers,AECOM,Competitive salary,Birmingham and Croydon,2:1 and above,Deadline: Ongoing
Remediation Graduate Consultants,AECOM,Competitive salary,Multiple UK Locations,All grades,Deadline: Ongoing
Graduate Software Engineer 2022,Roke,Competitive salary,"Gloucester, Manchester, Romsey (Hampshire) and Woking (North-West Surrey)",All grades,Deadline: Ongoing
Graduate Consulting Sales (Dublin),KEYENCE,"£28,000",Dublin,All grades,Deadline: Ongoing
Graduate Environmental Impact Assessment Consultant – September 2022,Arcadis,Competitive salary,Multiple UK Locations,2:1 and above,Deadline: Ongoing
CAD Engineer - Water,nmcn,Competitive salary,Bristol,All grades,Deadline: Ongoing
Software Development & Implementation Graduate Programme - Summer 2022,Capita Novus,Competitive salary,Multiple UK Locations,2:2 and above,Deadline: Ongoing
Graduate Software Engineer – Python/Javascript – Entry-Level,Adarma,Competitive salary,Edinburgh,All grades,Deadline: Ongoing
Trainee Patent Attorney – Engineering & Tech,Carpmaels & Ransford,Competitive salary,London,2:1 and above,Deadline: Ongoing
Project Management & Business Design,BT,"£29,100","Newcastle, Bristol and Birmingham",2:1 and above,Deadline: Ongoing
Operations Administrator - Initial 6 month FTC,Green Man Gaming,Competitive salary,Multiple UK Locations,All grades,Deadline: Ongoing
R&D Assistant - Aircare,Reckitt,Competitive salary,Kingston upon Hull,All grades,Deadline: Ongoing
Graduate Civil and Structural Engineers,Simpson TWS,Competitive salary,Reading and Gloucester,2:1 and above,Deadline: Ongoing
2022 Graduate Vertical Transportation,Hoare Lea,Competitive salary,Multiple UK Locations,2:1 and above,Deadline: Ongoing
Data Scientist/Software Developer,Hybrid Intelligence (Part of Capgemini Engineering),Competitive salary,"Warrington, Stevenage (Hertfordshire), Abingdon (Oxfordshire) and Ashby-de-la-Zouch (Leicestershire)",2:1 and above,Deadline: Ongoing
Graduate Commercial Data Analysts,Jarmany,"£22,000 rising to £30,000 after completion of graduate scheme",London,2:1 and above,Deadline: Ongoing
Graduate Water Network Modeller 2022,Stantec,Competitive salary,Cardiff,2:2 and above,Deadline: Ongoing
Digital Graduate - @One,MWH Treatment,Competitive salary,"Peterborough, Cambridgeshire",All grades,Deadline: Ongoing
Graduate Business Intelligence Consultants,FDM Group,Competitive salary,"London, Leeds and Glasgow",2:2 and above,Deadline: Ongoing
Graduate Programme Manager 2022,Stantec,Competitive salary,Edinburgh,2:2 and above,Deadline: Ongoing
Graduate Civil Engineer - Salford,MWH Treatment,Competitive salary,Manchester,Masters and above,Deadline: Ongoing
nucleargraduates 2022 - Digital,nucleargraduates,Competitive salary,Derby,2:2 and above,Deadline: Ongoing
Graduate Software Engineer,Smiths Detection,"£24,000",Hemel Hempstead (Hertfordshire),2:1 and above,Deadline: Ongoing
Graduate Deals Rights Management (Technical) 2022,PwC,Competitive salary,Belfast,2:1 and above,Deadline: Ongoing
Graduate Product Security Engineer,BAE Systems,Competitive salary,Barrow (Cumbria),2:2 and above,Deadline: Ongoing
Graduate Business Consultant,FDM Group,Competitive salary,Glasgow,2:2 and above,Deadline: Ongoing
Junior Software Test Analyst,FDM Group,Competitive salary,Leeds,2:2 and above,Deadline: Ongoing
IT Junior Developer,Procter & Gamble,Competitive salary,Newcastle,All grades,Deadline: Ongoing
"Graduate, Audit, Autumn 2022",PwC,Competitive salary,Aberdeen,2:1 and above,Deadline: Ongoing
Corporate Banking Graduate Analyst,Barclays,Competitive salary,"Glasgow, Knutsford, Cheshire, London, Manchester and Northampton",All grades,Deadline: Ongoing
Graduate Traffic Engineers & Graduate Traffic Consultants,AECOM,Competitive salary,Multiple UK Locations,2:2 and above,Deadline: Ongoing
Embedded Software Engineering Graduate 2022,QinetiQ,"£26,500",Malvern (Worcestershire),2:2 and above,Deadline: Ongoing
Graduate Electrical Engineer 2022 (Edinburgh/Glasgow),Stantec,Competitive salary,Edinburgh and Glasgow,All grades,Deadline: Ongoing
Graduate Automation Engineer,Honeywell,Competitive salary,Dublin,All grades,Deadline: Ongoing
2022 Graduate Mechanical Engineer,Hoare Lea,Competitive salary,Reading,2:1 and above,Deadline: Ongoing
"Graduate Audit, Spring, 2022",PwC,Competitive salary,Aberdeen,2:1 and above,Deadline: Ongoing
Graduate Maritime Services - Project Management,BAE Systems,Competitive salary,Broad Oak (Hampshire),2:2 and above,Deadline: Ongoing
Graduate Area/Shift Managers 2022,Amazon,"Competitive, including relocation",Multiple UK Locations,All grades,Deadline: Ongoing
Graduate Economic Development Consultants,AECOM,Competitive salary,Multiple UK Locations,2:1 and above,Deadline: Ongoing
Graduate Quantity Surveyors 2022 (Environment),Galliford Try,Competitive salary,"Thame, Oxford, Stafford and Glasgow",All grades,Deadline: Ongoing
Graduate Software Engineers,mthree,"€25,000 – €45,000",Dublin,2:1 and above,Deadline: Ongoing
Ark Teacher Trainee - Chemistry,Ark Teacher Training,"Up to £26,000",Multiple UK Locations,2:2 and above,Deadline: Ongoing
Graduate Programme – Architecture,Jacobs,Competitive salary,Warrington and Manchester,All grades,Deadline: Ongoing
Graduate Maritime Service Project Controller,BAE Systems,Competitive salary,Broad Oak (Hampshire),2:2 and above,Deadline: Ongoing
Graduate Maritime Services - Software Engineer,BAE Systems,Competitive salary,Portsmouth,2:2 and above,Deadline: Ongoing
Graduate Estimator 2022,Costain,Competitive salary,Maidenhead (Berkshire) and Manchester,All grades,Deadline: Ongoing
Electrical & Electronics Engineering Graduate Programme,BAE Systems,Competitive salary,Broad Oak (Hampshire),2:2 and above,Deadline: Ongoing
Graduate Transport Planning Engineer,Arcadis,Competitive salary,Manchester,2:1 and above,Deadline: Ongoing
Graduate/Junior Sustainability Consultant (Aim for Zero – Real Estate),Verco,Competitive salary,London and Overmoor (Wiltshire),All grades,Deadline: Ongoing
R&D Analytical Assistant - 12 months' contract - Immediate Start,Reckitt,Competitive salary,Kingston upon Hull,All grades,Deadline: Ongoing
R&D Associate/Scientist,Reckitt,Competitive salary,Kingston upon Hull,All grades,Deadline: Ongoing
2022 Graduate - Information Management Assistant (1850),Laing O'Rourke,Competitive salary,London,2:1 and above,Deadline: Ongoing
Graduate Design Engineer (Rail Electrification System Design),Siemens,"£28,000",York,2:2 and above,Deadline: Ongoing
Graduate Technical Analyst,mthree,Competitive salary,Hungary,2:1 and above,Deadline: Ongoing
Software Engineering – Graduates,NatWest Group,"£31,850",Edinburgh,2:1 and above,Deadline: Ongoing
Retail Banking Graduate Analyst,Barclays,Competitive salary,"Glasgow, Knutsford, Cheshire, London, Manchester and Northampton",All grades,Deadline: Ongoing
Graduate Sales and Applications Engineer,ClearView Imaging,Competitive salary,"Thame, Oxford",All grades,Deadline: Ongoing
Design and Build Graduates 2022 (Environment - Telecoms),Galliford Try,Competitive salary,"Wolvey, Warwickshire and Warrington, Cheshire",All grades,Deadline: Ongoing
2022 Graduate Trainee Trade Mark Attorney,Reddie & Grose,Competitive salary,London,2:1 and above,Deadline: Ongoing
Electronic Design Engr I,Honeywell,Competitive salary,Leicester,All grades,Deadline: Ongoing
IT Manager,Procter & Gamble,Competitive salary,Newcastle,All grades,Deadline: Ongoing
Graduate Software Engineer,IAconnects,"£26,000","Henley-on-Thames, Oxfordshire",All grades,Deadline: Ongoing
Trainee Patent Attorney (Biotech),Boult Wade Tennant,Competitive salary,London,2:1 and above,Deadline: Ongoing
Graduate Robotic Process Automation (RPA) Consultants,FDM Group,Competitive salary,London,2:2 and above,Deadline: Ongoing
Account Manager (Environmental – Data and Customer Service) – Valpak,Reconomy Group,"£23,000 - £25,000",Stratford-upon-Avon,2:1 and above,Deadline: Ongoing
